File,Not found in Google's revoked keybox list
mXZE5tB8.xml,✅
MPJWMwUE.xml,❌ KEY_COMPROMISE
yId912ap.xml,❌ KEY_COMPROMISE
q0f4iYhS.xml,❌ KEY_COMPROMISE
M6DpviD5.xml,❌ KEY_COMPROMISE
kre13p41l.xml,❌ SOFTWARE_FLAW
2alL1ky.xml,❌ KEY_COMPROMISE
rQJrW8Su.xml,❌ KEY_COMPROMISE
vVc41BKd.xml,❌ KEY_COMPROMISE
8qnsDAYP.xml,❌ KEY_COMPROMISE
3YxC37x4.xml,❌ KEY_COMPROMISE
vFLyHUSf.xml,✅
e13lwsP4.xml,❌ KEY_COMPROMISE
KPZ1iysJ.xml,✅
z9H65wAq.xml,❌ KEY_COMPROMISE
ewxySgBV.xml,✅
zj9DixHk.xml,✅
cXKFcxDb.xml,✅
NDtfvGvC.xml,❌ KEY_COMPROMISE
NR65kJaP.xml,✅
k1Hf0ySh.xml,❌ KEY_COMPROMISE
DL1neMtH.xml,❌ KEY_COMPROMISE
n7zXDUuf.xml,❌ KEY_COMPROMISE
vR7kjdRn.xml,❌ KEY_COMPROMISE
TaSxbdih.xml,❌ KEY_COMPROMISE
hbzFmkYe.xml,✅
